{"cameraMode":{"drawMode":0,"name":"Shaded","section":"Shading Mode"},"sceneLighting":true,"audioPlay":false,"sceneViewState":{"showFog":true,"showMaterialUpdate":false,"showSkybox":true,"showFlares":true,"showImageEffects":true,"showParticleSystems":true},"in2DMode":false,"pivot":{"x":263.81561279296877,"y":370.1255187988281,"z":-243.10275268554688},"rotation":{"x":-0.053751248866319659,"y":-0.8586178421974182,"z":0.09206558763980866,"w":-0.5014397501945496},"size":21.17687225341797,"orthographic":false}